{
  "timestamp": "20250710_232015",
  "model_path": "models/lstm/lstm_model_20250710_232015.h5",
  "label_encoder": "models/lstm/label_encoder_20250710_232015.pkl",
  "tokenizer": "models/lstm/tokenizer_20250710_232015.pkl",
  "labels": [
    "negative",
    "neutral",
    "positive"
  ],
  "test_accuracy": 0.7298657894134521,
  "confusion_matrix": [
    [
      73,
      29,
      118
    ],
    [
      14,
      148,
      83
    ],
    [
      38,
      40,
      649
    ]
  ],
  "classification_report": {
    "negative": {
      "precision": 0.584,
      "recall": 0.33181818181818185,
      "f1-score": 0.42318840579710143,
      "support": 220.0
    },
    "neutral": {
      "precision": 0.6820276497695853,
      "recall": 0.6040816326530613,
      "f1-score": 0.6406926406926408,
      "support": 245.0
    },
    "positive": {
      "precision": 0.7635294117647059,
      "recall": 0.8927097661623109,
      "f1-score": 0.8230818008877615,
      "support": 727.0
    },
    "accuracy": 0.7298657718120806,
    "macro avg": {
      "precision": 0.6765190205114303,
      "recall": 0.6095365268778513,
      "f1-score": 0.6289876157925013,
      "support": 1192.0
    },
    "weighted avg": {
      "precision": 0.7136431682436993,
      "recall": 0.7298657718120806,
      "f1-score": 0.711788268028911,
      "support": 1192.0
    }
  },
  "f1_score": 0.711788268028911,
  "precision": 0.7136431682436993,
  "recall": 0.7298657718120806,
  "strategy": "CSV with VADER sentiment labels",
  "input_format": {
    "file_type": "CSV",
    "content_column": "content",
    "label_column": "sentiment_label"
  },
  "data_source": "malaysia_tourism_data_collector_with_vader",
  "model_type": "lstm"
}